Item,Designator,Qty,Value,Package,Description,Suggested MPN,DigiKey Example
1,"C1, C2",2,10uF,0805,Capacitor 10uF 16V X7R 0805,CL21A106KOQNNNE,
2,"C3, C5, C6, C7, C8, C9",6,100nF,0805,Capacitor 0.1uF 50V X7R 0805,CL21B104KBCNNNC,
3,C4,1,2.2uF,0805,Capacitor 2.2uF 16V X7R 0805 (VCAP),CL21B225KOFNNNE,
4,R1,1,10k,0805,Resistor 10k 5% 0805 (BOOT0),RC0805JR-0710KL,
5,"R2, R3",2,4.7k,0805,Resistor 4.7k 5% 0805 (I2C Pullup),RC0805JR-074K7L,
6,R4,1,330,0805,Resistor 330 ohm 5% 0805 (LED),RC0805JR-07330RL,
7,D1,1,LED,0805,LED Green/Red 0805,,
8,U1,1,AMS1117-3.3,SOT-223,LDO Voltage Regulator 3.3V 1A,,
9,U2,1,STM32F446RET6,LQFP-64,MCU ARM Cortex-M4 180MHz 512KB Flash,,
10,J1,1,2-pin Header,2.54mm TH,Pin Header 1x02 2.54mm,,
11,J2,1,5-pin Header,2.54mm TH,SWD Debug Header 1x05 2.54mm,,
12,"J3, J4, J5, J6, J7, J8",6,4-pin Header,2.54mm TH,Sensor Headers 1x04 2.54mm,,
13,J9,1,7-pin Header,2.54mm TH,Motor Driver Header 1x07 2.54mm,,
